insert into enter values('SM','이수만','02-000-0001');
insert into enter values('스타쉽','이훈희','02-000-0002');
insert into enter values('AOMG','김수혁','02-000-0003');
insert into enter values('YG','양민석','02-000-0004');
insert into enter values('갑','임정환','02-657-999');
insert into enter values('건음기획','손종민','02-457-999');
insert into enter (회사명,회사전화)values('KMOON','02-657-999');
insert into enter values('브리즈뮤직','이상은','02-457-777');
insert into enter values('쏘스뮤직','소성진','02-000-0005');
insert into enter values('ADOR','민희진','02-000-0006');
insert into enter values('PLEDIS','한성수','02-000-0007');
insert into enter (회사명,회사전화) values('로맨틱팩토리','02-000-0008');
insert into enter values('쇼파르엔터테인먼트','신태권','02-000-0009');
insert into enter values('본부엔터테인먼트','유승호','02-000-0010');
INSERT INTO ENTER VALUES('하이어뮤직','차차말론','031-909-1111');
INSERT INTO ENTER (회사명) VALUES('음악권력');
insert into enter values('뮤직팜','이국현','031-000-0001');
insert into enter values('안테나','유희열','031-000-0002');
insert into enter values('미스틱스토리','조영철','031-000-0003');
insert into enter values('에스케이재원','성은정','031-000-0004');
insert into enter (회사명,회사전화) values('글러브엔터테인먼트','031-000-0005');
insert into enter values('C9','이재영','031-000-0006');
insert into enter values('웨이크원','방윤태','031-000-0007');
insert into enter (회사명,회사전화) values('스톤뮤직','031-000-0008');
insert into enter values('AB/SS','이동형','031-000-0008');
insert into enter values('이담','배종한','02-1111-1212');

INSERT INTO ENTER VALUES('인터파크','강동화','02-9000-4899');
INSERT INTO ENTER VALUES('두루두루','강명진','031-000-8989');
INSERT INTO ENTER VALUES('매직스트로베리','신동익','031-020-8989');
insert into enter values('어라운드어스','김원섭','02-562-2910');

insert into singer values(2500,'비스트','미스테리','댄스팝','어라운드어스');
INSERT INTO SINGER VALUES(110,'선우정아','도망가자','인디','매직스트로베리');
INSERT INTO SINGER VALUES(100,'카더가든','나랑 아니면','인디','두루두루');
insert into singer values(1000,'샤이니','루시퍼','댄스','SM');
insert into singer values(1001,'규현','광화문에서','발라드','SM');
insert into singer values(1002,'에스파','next level','댄스','SM');
insert into singer values(1003,'f(x)','4walls','신스팝','SM');
insert into singer values(1004,'소녀시대','다시만난세계','댄스','SM');
insert into singer values(1006,'서현','dont say no','RnB','SM');
insert into singer values(1005,'엔시티','소방차','댄스','SM');
insert into singer values(2001,'아이브','love dive','팝','스타쉽');
insert into singer values(2002,'몬스타엑스','shoot out','힙합','스타쉽');
insert into singer values(3000,'로꼬','남아있어','힙합','AOMG');
insert into singer values(3001,'우원재','시차','힙합','AOMG');
insert into singer values(3002,'이하이','1,2,3,4','RnB','AOMG');
insert into singer values(4000,'태양','눈,코,입','RnB','YG');
INSERT INTO SINGER VALUES(4001,'에픽하이','우산','힙합','YG');

INSERT INTO SINGER VALUES(2901,'박화요비','반쪽','RnB','음악권력');
insert into singer values(2900,'이상은','담다디','록발라드','브리즈뮤직');
insert into singer values(2600,'브라운아이즈','벌써 일년','발라드듀엣','갑');
INSERT INTO SINGER VALUES(2700,'이문세','광화문 연가','발라드','KMOON');
INSERT INTO SINGER VALUES(2800,'김건모','잘못된 만남','발라드','건음기획');

insert into singer values(5000,'르세라핌','antifragile','댄스팝','쏘스뮤직');
insert into singer values(6000,'뉴진스','Attention','댄스팝','ADOR');
insert into singer values(7000,'세븐틴','울고싶지않아','댄스','PLEDIS');
insert into singer values(7001,'프로미스나인','DM','댄스팝','PLEDIS');
insert into singer values(8000,'박재정','B에게 쓰는 편지','발라드','로맨틱팩토리');
insert into singer values(8001,'빈첸','바코드','힙합','로맨틱팩토리');
insert into singer values(9000,'볼빨간사춘기','여행','인디팝','쇼파르엔터테인먼트');
insert into singer values(9001,'스웨덴세탁소','목소리','인디팝','쇼파르엔터테인먼트');
insert into singer values(1100,'박정현','꿈에','팝발라드','본부엔터테인먼트');

insert into singer values(1200,'존박','falling','발라드','뮤직팜');
insert into singer values(1201,'김동률','감사','발라드','뮤직팜');
insert into singer values(1300,'권진아','끝','발라드','안테나');
insert into singer values(1301,'정승환','너였다면','발라드','안테나');
insert into singer values(1302,'적재','별 보러 가자','발라드','안테나');
insert into singer values(1303,'페퍼톤스','행운을빌어요','밴드','안테나');
insert into singer values(1400,'루시','개화','밴드','미스틱스토리');
insert into singer values(1500,'성시경','너의 모든 순간','발라드','에스케이재원');
insert into singer values(1602,'박효신','야생화','발라드','글러브엔터테인먼트');
insert into singer values(1700,'윤하','사건의 지평선','브릿팝','C9');
insert into singer values(1701,'이석훈','라라라','발라드','C9');
insert into singer values(1800,'다비치','안녕이라고 말하지마','발라드','웨이크원');
insert into singer values(1801,'로이킴','봄봄봄','어쿠스틱','웨이크원');
insert into singer values(1802,'조유리','GLASSY','RnB','웨이크원');
insert into singer values(1900,'나상현씨밴드','각자의 밤','밴드','스톤뮤직');
insert into singer values(2101,'선미','가시나','댄스','AB/SS');
insert into singer values(2102,'멜로망스','선물','인디','AB/SS');
insert into singer values(2200,'아이유','좋은 날','팝','이담');
insert into singer values(1304,'토이','세 사람','발라드밴드','안테나');
insert into singer values(2100,'어반자카파','널 사랑하지 않아','RnB','AB/SS');
INSERT INTO SINGER VALUES(1202,'체리필터','오리 날다','록발라드','뮤직팜');
INSERT INTO SINGER VALUES(2300,'자우림','스물다섯 스물하나','록팝','인터파크');
INSERT INTO SINGER VALUES(2301,'에피톤프로젝트','첫사랑','발라드밴드','인터파크');
INSERT INTO SINGER VALUES(2302,'국가스텐','거울','록밴드','인터파크');
INSERT INTO SINGER VALUES(2400,'서동현','정이라고 하자','싱잉랩','하이어뮤직');


UPDATE SINGER SET 장르='록' WHERE 장르='록발라드' OR 장르='록밴드' OR 장르='록팝';
UPDATE SINGER SET 장르='인디팝' WHERE 장르='인디' OR 장르='어쿠스틱';
UPDATE SINGER SET 장르='댄스팝' WHERE 장르='댄스';
UPDATE SINGER SET 장르='힙합' WHERE 장르='싱잉랩';
UPDATE SINGER SET 장르='발라드' WHERE 장르='발라드듀엣';
UPDATE SINGER SET 장르='밴드' WHERE 장르='발라드밴드';
UPDATE SINGER SET 장르='팝' WHERE 장르='신스팝' OR 장르='팝발라드';

insert into song values(1,'view','A',20,1000,'2015/05/18');
insert into song values(2,'방백','A',59,1000,'2013/02/19');
insert into song values(3,'블라블라','B',30,1001,'2017/02/24');
insert into song values(4,'블랙맘바','A',24,1002,'2020/11/17');
insert into song values(5,'첫 사랑니','C',19,1003,'2013/07/29');
insert into song values(6,'Feel Good','A',39,1000,'2016/11/15');
insert into song values(7,'소원을 말해봐','C',26,1004,'2009/06/25');
insert into song values(8,'롤러코스터','D',12,1005,'2017/01/06');
insert into song values(9,'피카부','A',34,1007,'2017/11/17');
insert into song values(10,'Feel Good','C',44,1007,'2020/07/06');
insert into song values(11,'이젠 그랬으면 좋겠네','B',21,1100,'2013/09/18');
insert into song values(12,'미아','A',90,1100,'2005/02/03');
insert into song values(13,'네 생각','D',29,1200,'2016/07/15');
insert into song values(14,'기억의 습작','B',80,1201,'2007/03/15');
insert into song values(15,'운이 좋았지','D',11,1300,'2019/09/19');
insert into song values(16,'뭔가 잘못됐어','A',48,1300,'2020/04/01');

insert into song values(36,'Love Killa','A',88,2002,'2020/11/02');
insert into song values(37,'목요일 밤','E',23,2100,'2016/08/25');
insert into song values(38,'코끝에 겨울','E',28,2100,'2013/12/03');
insert into song values(39,'보름달','C',27,2101,'2014/02/17');
insert into song values(40,'좋은 날','D',13,2102,'2018/08/05');
insert into song values(41,'고백','B',39,2102,'2021/08/29');
insert into song values(42,'이런 엔딩','C',42,2200,'2017/04/21');
insert into song values(43,'분홍신','D',41,2200,'2013/10/08');
insert into song values(44,'시간이 들겠지','A',32,3000,'2018/10/08');
insert into song values(45,'Say Yes','E',31,3000,'2016/08/29');
insert into song values(46,'잠수이별','D',3,3001,'2022/08/18');
insert into song values(47,'구원자','E',4,3002,'2021/09/09');
insert into song values(48,'홀로','E',67,3002,'2020/07/23');
insert into song values(49,'나만 바라봐','C',69,4000,'2008/05/22');
insert into song values(50,'I need a girl','C',70,4000,'2010/97/01');
insert into song values(17,'눈사람','B',78,1301,'2018/02/19');
insert into song values(13,'네 생각','B',29,1200,'2016/07/15');
insert into song values(18,'보통의 하루','D',17,1301,'2018/04/05');
insert into song values(19,'나랑 같이 걸을래','B',98,1302,'2020/10/23');
insert into song values(20,'Chance!','D',9,1303,'2013/05/27');
insert into song values(21,'히어로','C',97,1400,'2021/02/16');
insert into song values(22,'놀이','A',78,1400,'2022/08/17');
insert into song values(23,'내일 할 일','B',89,1500,'2013/02/05');
insert into song values(24,'눈의 꽃','D',5,1602,'2004/11/15');
insert into song values(25,'숨','B',45,1602,'2016/10/03');
insert into song values(26,'혜성','B',37,1700,'2007/10/23');
insert into song values(28,'두 사랑','D',18,1800,'2015/03/18');
insert into song values(29,'북두칠성','E',22,1801,'2015/12/04');
insert into song values(30,'그때 헤어지면 돼','E',43,1801,'2018/02/12');
insert into song values(31,'러브 쉿!','C',46,1802,'2022/06/02');
insert into song values(32,'불빛','D',35,1900,'2020/07/20');
insert into song values(33,'After Like','D',1,2001,'2022/08/22');
insert into song values(34,'ROYAL','D',2,2001,'2022/04/05');
insert into song values(35,'ELEVEN','A',6,2001,'2021/12/01');
insert into song values(27,'웃으며 안녕','B',82,1701,'2010/04/22');
insert into song values(51,'blue flame','C',7,5000,'2022/05/22');
insert into song values(52,'impurities','F',25,5000,'2022/10/17');
insert into song values(53,'Hype Boy','A',33,6000,'2022/08/01');
insert into song values(54,'Cookie','F',47,6000,'2022/08/01');
insert into song values(55,'소용돌이','B',10,7000,'2022/05/27');
insert into song values(56,'지금 널 찾아가고 있어','E',14,7000,'2018/02/05');
insert into song values(57,'어쩌나','A',15,7000,'2018/02/05');
insert into song values(58,'바람개비','F',52,7000,'2017/11/06');
insert into song values(59,'Love Bomb','A',36,7001,'2018/10/10');
insert into song values(60,'두 남자','B',71,8000,'2016/09/19');
insert into song values(61,'사랑한 만큼','B',85,8000,'2019/07/01');
insert into song values(62,'FLYING HIGH WITH U','C',91,8001,'2021/10/02');
insert into song values(63,'텅','F',94,8001,'2021/03/07');
insert into song values(64,'XX','E',93,9000,'2019/07/09');
insert into song values(65,'나비효과','F',72,9000,'2021/11/10');
insert into song values(66,'MERMAID','D',49,9000,'2018/04/05');
insert into song values(67,'LIKE CHRISTMAS','F',68,9001,'2017/12/10');
insert into song values(68,'답답한 새벽','F',79,9001,'2020/03/02');
insert into song values(69,'낭만 고양이','C',53,1202,'2002/08/13');
insert into song values(70,'나에게로의 초대','D',8,1202,'2020/09/10');
insert into song values(71,'매직카펫라이드','F',16,2300,'2010/04.15');
insert into song values(72,'샤이닝','A',63,2300,'2004/02/13');
insert into song values(73,'자유낙하','F',84,2301,'2021/06/14');
insert into song values(74,'선인장','B',99,2301,'2015/03/11');
insert into song values(75,'모나리자','F',95,2302,'2013/08/22');
insert into song values(76,'붉은 밭','C',51,2302,'2020/10/09');
insert into song values(77,'Feel Good','F',54,7001,'2020/07/08');
insert into song values(78,'낭만교향곡','E',16,2400,'2022/06/09');
insert into song values(79,'vancouver','D',57,2400,'2022/06/09');
insert into song values(80,'Frank Ocean','F',76,2400,'2022/06/09');
insert into song values(81,'연애소설','E',50,4001,'2017/10/23');
insert into song values(82,'빈차','F',56,4001,'2017/10/23');
insert into song values(83,'one','B',82,4001,'201511/19');
insert into song values(84,'Midnight','D',58,2500,'2012/07/22');
insert into song values(85,'아름다운 밤이야','A',73,2500,'2012/07/22');
insert into song values(86,'fiction','B',92,2500,'2011/05/17');
insert into song values(87,'좋은 사람','E',65,1304,'2001/05/10');
insert into song values(88,'그녀가 말했다','B',83,1304,'2014/11/08');
insert into song values(89,'뜨거운 안녕','F',96,1304,'2007/11/29');
insert into song values(90,'가지마 가지마','E',60,2600,'2008/03/10');
insert into song values(91,'점점','C',74,2600,'2008/03/10');

insert into song values(92,'붉은 노을','F',61,2700,'1992');
insert into song values(93,'깊은 밤을 날아서','C',81,2700,'1987');
insert into song values(94,'아름다운 이별','B',87,2800,'1995/01/24');
insert into song values(95,'핑계','C',100,2800,'1993/11/04');
insert into song values(96,'언젠가는','D',66,2900,'1993/01/01');
insert into song values(97,'비밀의 화원','A',86,2900,'2003/03/10');
insert into song values(98,'어떤가요','D',62,2901,'1999/10/24');
insert into song values(99,'그런일은','D',75,2901,'1999/10/24');
insert into song values(100,'에잇','D',64,2200,'2020/05/06');

insert into streaming_pass values('스트리밍 클럽',30,7900);
insert into streaming_pass values('스트리밍 플러스',30,11900);
insert into streaming_pass values('MP3 클럽',30,18000);
insert into streaming_pass values('MP3 플러스',30,28000);

insert into customer values('jyuny','김지윤',20,'록','스트리밍 플러스','10/12','카카오페이');
insert into customer values('dk','이도겸',20,'댄스팝','스트리밍 클럽','10/28','휴대폰결제');
insert into customer values('min9yu','김민규',20,'RnB','스트리밍 플러스','09/27','휴대폰 결제');
insert into customer values('jhhj','윤정한',20,'팝','스트리밍 클럽','03/28','카카오페이');
insert into customer values('REI__','김레이',10,'힙합','MP3 클럽','04/22','카카오페이');
insert into customer values('HAERIN','강해린',10,'발라드','MP3 클럽','07/13','카카오페이');
INSERT INTO CUSTOMER VALUES('RUBYJENNIE','김제니',20,'팝','MP3 클럽','08/22','네이버페이');
INSERT INTO CUSTOMER VALUES('TAEHYUN','강태현',20,'팝','MP3 클럽','09/12','네이버페이');
INSERT INTO CUSTOMER VALUES('HY','이형원',30,'밴드','MP3 클럽','10/29','휴대폰결제');
INSERT INTO CUSTOMER VALUES('CHAECHAE','김채원',20,'인디팝','스트리밍 클럽','04/20','네이버페이');
INSERT INTO CUSTOMER VALUES('KANG','강주하',10,'인디팝','스트리밍 클럽','06/03','카카오페이');
INSERT INTO CUSTOMER VALUES('HORANG','권순영',30,'록','스트리밍 클럽','02/18','휴대폰결제');
INSERT INTO CUSTOMER VALUES('NAONI','이나언',30,'인디팝','스트리밍 클럽','03/04','휴대폰결제');
INSERT INTO CUSTOMER VALUES('MOVING','이동하',10,'록','스트리밍 클럽','05/27','카카오페이');
INSERT INTO CUSTOMER VALUES('KANGIN','이강인',20,'RnB','스트리밍 플러스','06/03','휴대폰결제');
INSERT INTO CUSTOMER VALUES('BBG','박보검',30,'발라드','스트리밍 플러스','11/10','네이버페이');

INSERT INTO CUSTOMER (고객아이디,고객명,연령대,선호음악장르)VALUES('SOXEE','한소희',30,'밴드');
INSERT INTO CUSTOMER (고객아이디,고객명,연령대,선호음악장르)VALUES('ksang','윤균상',30,'댄스팝');
INSERT INTO CUSTOMER VALUES('KKANG','이기광',30,'힙합','스트리밍 플러스','03/12','네이버페이');
INSERT INTO CUSTOMER VALUES('INNA','유인나',30,'RnB','스트리밍 플러스','07/11','휴대폰결제');
INSERT INTO CUSTOMER VALUES('MIN__','이민정',30,'발라드','MP3 플러스','09/30','휴대폰결제');
INSERT INTO CUSTOMER VALUES('DOONA','배두나',40,'밴드','MP3 플러스','01/06','네이버페이');
INSERT INTO CUSTOMER VALUES('SONG','송중기',30,'록','MP3 플러스','09/19','네이버페이');
INSERT INTO CUSTOMER VALUES('SUPPORT','김지원',30,'밴드','MP3 플러스','10/19','휴대폰결제');
INSERT INTO CUSTOMER VALUES('EUNCHAE','홍은채',10,'댄스팝','MP3 플러스','01/12','카카오페이');
INSERT INTO CUSTOMER (고객아이디,고객명,연령대,선호음악장르)VALUES('LEESEO','김현서',10,'힙합');
INSERT INTO CUSTOMER VALUES('JUNSU','김준수',10,'팝','MP3 플러스','11/08','휴대폰결제');
INSERT INTO CUSTOMER VALUES('ONEWOO','전원우',20,'밴드','스트리밍 클럽','10/03','카카오페이');
INSERT INTO CUSTOMER VALUES('YOUNG_HA','김영하',50,'댄스팝','스트리밍 클럽','07/17','휴대폰결제'); --2명 추가
INSERT INTO CUSTOMER VALUES('ROMEO','로미오',10,'힙합','MP3 클럽','08/10','카카오페이');
INSERT INTO CUSTOMER VALUES('JULIET','줄리엣',10,'RnB','MP3 클럽','10/21','카카오페이');
INSERT INTO CUSTOMER (고객아이디,고객명,연령대,선호음악장르)VALUES('KYUU','이규형',40,'팝');

insert into listen values(79,'BBG',90,'오전');
insert into listen values(23,'BBG',27,'오전');
insert into listen values(33,'BBG',134,'오후');
insert into listen values(93,'BBG',23,'새벽');
insert into listen values(14,'BBG',2,'새벽');

insert into listen values(33,'CHAECHAE',103,'오후');
insert into listen values(55,'CHAECHAE',120,'오전');
insert into listen values(69,'CHAECHAE',230,'오후');
insert into listen values(40,'CHAECHAE',9,'오후');

insert into listen values(33,'DOONA',200,'오후');
insert into listen values(55,'DOONA',100,'오후');
insert into listen values(98,'DOONA',25,'오전');
insert into listen values(69,'DOONA',100,'새벽');
insert into listen values(87,'DOONA',12,'새벽');

insert into listen values(51,'EUNCHAE',10,'오후');
insert into listen values(69,'EUNCHAE',229,'오후');
insert into listen values(33,'EUNCHAE',80,'오전');
insert into listen values(22,'EUNCHAE',340,'오전');

insert into listen values(79,'INNA',10,'오전');
insert into listen values(33,'INNA',20,'오후');
insert into listen values(55,'INNA',80,'오전');
insert into listen values(93,'INNA',77,'오후');
insert into listen values(22,'INNA',45,'오전');
insert into listen values(99,'INNA',25,'새벽');

insert into listen values(79,'HAERIN',56,'오후');
insert into listen values(33,'HAERIN',48,'오후');
insert into listen values(93,'HAERIN',49,'오후');
insert into listen values(22,'HAERIN',34,'새벽');
insert into listen values(47,'HAERIN',79,'새벽');
insert into listen values(17,'HAERIN',13,'오후');

insert into listen values(22,'HORANG',23,'오후');
insert into listen values(55,'HORANG',67,'오후');
insert into listen values(33,'HORANG',30,'오후');
insert into listen values(47,'HORANG',29,'오전');

insert into listen values(79,'HY',80,'새벽');
insert into listen values(55,'HY',20,'저녁');
insert into listen values(47,'HY',20,'오후');
insert into listen values(33,'HY',20,'오전');
insert into listen values(20,'HY',100,'새벽');
insert into listen values(93,'HY',23,'새벽');


insert into listen values(33,'JUNSU',30,'새벽');
insert into listen values(20,'JUNSU',64,'새벽');
insert into listen values(55,'JUNSU',23,'새벽');
insert into listen values(93,'JUNSU',23,'새벽');

insert into listen values(33,'KANG',50,'새벽');
insert into listen values(20,'KANG',9,'오전');
insert into listen values(93,'KANG',23,'새벽');

insert into listen values(84,'KANGIN',80,'새벽');
insert into listen values(55,'KANGIN',20,'새벽');
insert into listen values(33,'KANGIN',20,'새벽');
insert into listen values(20,'KANGIN',100,'새벽');
insert into listen values(93,'KANGIN',23,'새벽');
insert into listen values(99,'KANGIN',10,'새벽');
insert into listen values(23,'KANGIN',10,'새벽');

insert into listen values(79,'KKANG',90,'오전');
insert into listen values(33,'KKANG',27,'오전');
insert into listen values(55,'KKANG',134,'오후');
insert into listen values(93,'KKANG',23,'새벽');
insert into listen values(37,'KKANG',10,'새벽');--보통 2개
insert into listen values(54,'KKANG',9,'오전');
insert into listen values(80,'KKANG',8,'오전');--적은 1개

insert into listen values(79,'MIN__',80,'오전');
insert into listen values(33,'MIN__',67,'오전');
insert into listen values(55,'MIN__',40,'오후');
insert into listen values(93,'MIN__',19,'새벽');
insert into listen values(84,'MIN__',19,'새벽');--보통 2개
insert into listen values(73,'MIN__',8,'오전');
insert into listen values(43,'MIN__',8,'오전');--적은 1개

insert into listen values(79,'MOVING',30,'오전');
insert into listen values(33,'MOVING',37,'오전');
insert into listen values(55,'MOVING',30,'오후');
insert into listen values(93,'MOVING',39,'새벽');
insert into listen values(37,'MOVING',19,'새벽');--보통 2개
insert into listen values(8,'MOVING',10,'오전');
insert into listen values(44,'MOVING',6,'오전');--적은 1개

insert into listen values(79,'NAONI',30,'오전');
insert into listen values(33,'NAONI',37,'오전');
insert into listen values(55,'NAONI',30,'오후');
insert into listen values(93,'NAONI',39,'새벽');
insert into listen values(37,'NAONI',19,'새벽');--보통 2개
insert into listen values(8,'NAONI',10,'오전');
insert into listen values(44,'NAONI',6,'오전');--적은 1개

insert into listen values(79,'ONEWOO',30,'오전');
insert into listen values(33,'ONEWOO',37,'오전');
insert into listen values(55,'ONEWOO',30,'오후');
insert into listen values(93,'ONEWOO',39,'새벽');
insert into listen values(84,'ONEWOO',19,'새벽');--보통 2개
insert into listen values(54,'ONEWOO',10,'오전');
insert into listen values(44,'ONEWOO',6,'오전');--적은 1개

insert into listen values(79,'REI__',20,'오전');
insert into listen values(33,'REI__',7,'오전');
insert into listen values(55,'REI__',10,'오후');
insert into listen values(93,'REI__',79,'새벽');
insert into listen values(84,'REI__',10,'새벽');--보통 2개
insert into listen values(54,'REI__',9,'오전');
insert into listen values(45,'REI__',3,'오전');--적은 1개

insert into listen values(79,'ROMEO',20,'오후');
insert into listen values(33,'ROMEO',7,'새벽');
insert into listen values(55,'ROMEO',10,'오전');
insert into listen values(93,'ROMEO',79,'새벽');
insert into listen values(84,'ROMEO',10,'오후');--보통 2개
insert into listen values(54,'ROMEO',9,'오전');
insert into listen values(45,'ROMEO',3,'저녁');--적은 1개

insert into listen values(79,'RUBYJENNIE',50,'오후');
insert into listen values(33,'RUBYJENNIE',49,'새벽');
insert into listen values(66,'RUBYJENNIE',2,'오전');
insert into listen values(93,'RUBYJENNIE',79,'새벽');
insert into listen values(8,'RUBYJENNIE',20,'오후');--보통 2개
insert into listen values(73,'RUBYJENNIE',15,'오전');
insert into listen values(70,'RUBYJENNIE',19,'저녁');--적은 1개

insert into listen values(79,'SONG',20,'오후');
insert into listen values(33,'SONG',200,'새벽');
insert into listen values(55,'SONG',20,'오전');
insert into listen values(93,'SONG',119,'새벽');
insert into listen values(73,'SONG',10,'오후');--보통 2개
insert into listen values(8,'SONG',9,'오전');
insert into listen values(70,'SONG',3,'저녁');--적은 1개

insert into listen values(79,'SUPPORT',50,'오후');
insert into listen values(33,'SUPPORT',40,'새벽');
insert into listen values(55,'SUPPORT',30,'오전');
insert into listen values(93,'SUPPORT',19,'새벽');
insert into listen values(37,'SUPPORT',10,'오후');--보통 2개
insert into listen values(54,'SUPPORT',9,'오전');
insert into listen values(71,'SUPPORT',3,'저녁');--적은 1개

insert into listen values(79,'TAEHYUN',20,'오전');
insert into listen values(33,'TAEHYUN',20,'오후');
insert into listen values(55,'TAEHYUN',20,'오전');
insert into listen values(93,'TAEHYUN',29,'저녁');
insert into listen values(8,'TAEHYUN',20,'저녁');--보통 2개
insert into listen values(73,'TAEHYUN',20,'오후');
insert into listen values(100,'TAEHYUN',13,'저녁');--적은 1개

insert into listen values(79,'YOUNG_HA',20,'오전');
insert into listen values(33,'YOUNG_HA',20,'오후');
insert into listen values(55,'YOUNG_HA',20,'오전');
insert into listen values(93,'YOUNG_HA',29,'저녁');
insert into listen values(8,'YOUNG_HA',20,'저녁');--보통 2개
insert into listen values(73,'YOUNG_HA',20,'오후');
insert into listen values(86,'YOUNG_HA',5,'저녁');--적은 1개

insert into listen values(33,'dk',21,'오후');
insert into listen values(55,'dk',40,'오전');
insert into listen values(93,'dk',39,'저녁');
insert into listen values(37,'dk',20,'저녁');--보통 2개
insert into listen values(54,'dk',20,'오후');
insert into listen values(100,'dk',14,'저녁');--적은 1개

insert into listen values(79,'jhhj',10,'오후');
insert into listen values(33,'jhhj',20,'새벽');
insert into listen values(55,'jhhj',30,'오전');
insert into listen values(93,'jhhj',27,'새벽');
insert into listen values(84,'jhhj',10,'오후');--보통 2개
insert into listen values(73,'jhhj',9,'오전');
insert into listen values(100,'jhhj',3,'저녁');--적은 1개

insert into listen values(78,'jyuny',10,'새벽');
insert into listen values(33,'jyuny',20,'새벽');
insert into listen values(55,'jyuny',30,'새벽');
insert into listen values(93,'jyuny',27,'새벽');
insert into listen values(84,'jyuny',10,'새벽');--보통 2개
insert into listen values(8,'jyuny',9,'새벽');
insert into listen values(100,'jyuny',3,'새벽');--적은 1개

insert into listen values(98,'min9yu',45,'새벽');
insert into listen values(23,'min9yu',25,'새벽');
insert into listen values(78,'min9yu',40,'새벽');
insert into listen values(33,'min9yu',10,'새벽');
insert into listen values(55,'min9yu',35,'새벽');
insert into listen values(93,'min9yu',27,'새벽');
insert into listen values(84,'min9yu',15,'새벽');--보통 2개
insert into listen values(8,'min9yu',1,'새벽');
insert into listen values(48,'min9yu',6,'새벽');--적은 1개


insert into listen values(82,'REI__',10,'오전');
insert into listen values(78,'REI__',10,'오전');
insert into listen values(15,'REI__',3,'오전');

INSERT INTO LISTEN VALUES(78,'KKANG',4,'새벽');
INSERT INTO LISTEN VALUES(16,'KKANG',4,'오전');

INSERT INTO LISTEN VALUES(46,'ROMEO',9,'새벽');
INSERT INTO LISTEN VALUES(17,'ROMEO',9,'새벽');
